{"mean":{"confidence_interval":{"confidence_level":0.95,"lower_bound":-0.0009212334256566344,"upper_bound":0.04620016076371563},"point_estimate":0.02175571591010028,"standard_error":0.012007036923484638},"median":{"confidence_interval":{"confidence_level":0.95,"lower_bound":-0.004041723470104341,"upper_bound":0.07361662677398773},"point_estimate":0.03511285614354631,"standard_error":0.02090072164951614}}