{"mean":{"confidence_interval":{"confidence_level":0.95,"lower_bound":0.030366712269635165,"upper_bound":0.09822870163714141},"point_estimate":0.06178927872764173,"standard_error":0.017359057087217574},"median":{"confidence_interval":{"confidence_level":0.95,"lower_bound":0.018354311759124053,"upper_bound":0.14993658340618632},"point_estimate":0.03487003670136413,"standard_error":0.03680116839439744}}